{"Episode/rew_tracking_lin_vel":0.01046537421643734,"Train/mean_episode_length":7.85,"Loss/value_function":0.009300440922379494,"Episode/rew_tracking_ang_vel":0.0019438205054029822,"Episode/rew_collision":-0.0010000864276662469,"Episode/rew_dof_pos_limits":-0.0010447221575304866,"Policy/mean_noise_std":0.36426371335983276,"Episode/rew_shoulder_align":-0.002455495297908783,"Train/mean_reward":-4.2302670216560365,"_timestamp":1.7450849807453673e+09,"Episode/rew_orientation":-0.00032162596471607685,"Episode/rew_lin_vel_z":-0.0036284863017499447,"Episode/rew_torques":-0.0038184160366654396,"Perf/collection time":0.6359398365020752,"Episode/rew_shoulder_deviations":-0.0022900570183992386,"Episode/rew_action_rate":-9.018584387376904e-05,"Episode/rew_hip_deviations":-0.0014775240560993552,"Loss/entropy":-1.8703644156455994,"_step":97,"_runtime":71.665828443,"Perf/total_fps":127644,"Episode/rew_torque_limits":-0.0022498490288853645,"Episode/rew_ang_vel_xy":-0.005801155231893063,"_wandb":{"runtime":71},"Episode/rew_termination":-0.19999998807907104,"Loss/learning_rate":0.00011561019943888411,"Loss/surrogate":-0.0039542208964121525,"Episode/rew_base_height":-0.00020006029808428138,"Perf/learning_time":0.13419842720031738}