{"_wandb":{"runtime":7},"Episode/rew_ang_vel_xy":-0.10685747861862183,"Episode/rew_action_rate":-0.0012765626888722181,"Perf/total_fps":157488,"_step":9,"Episode/rew_tracking_ang_vel":0.0018183974316343665,"Episode/rew_lin_vel_z":-0.007748016156256199,"Episode/rew_collision":-0.0010448145912960172,"Episode/rew_shoulder_deviations":-0.021210525184869766,"Episode/rew_torques":-0.15144644677639008,"_timestamp":1.7450837457274399e+09,"Episode/rew_orientation":-0.010644977912306786,"Episode/rew_hip_deviations":-0.033531785011291504,"Loss/entropy":11.189655113220216,"Episode/rew_termination":-0.19999998807907104,"Loss/surrogate":0.0027677955193212258,"Train/mean_reward":-12.382127170562745,"Episode/rew_base_height":-0.0009292288450524211,"Loss/learning_rate":0.0008649755859375004,"Perf/learning_time":0.10529637336730957,"_runtime":7.979011757,"Train/mean_episode_length":14.14,"Policy/mean_noise_std":0.9793003797531128,"Episode/rew_dof_pos_limits":-0.032081056386232376,"Episode/rew_tracking_lin_vel":0.004930212628096342,"Perf/collection time":0.5189027786254883,"Episode/rew_torque_limits":-0.09969856590032578,"Episode/rew_shoulder_align":-0.013609970919787884,"Loss/value_function":10.842934179306031}