{"Loss/entropy":-12.314363861083985,"Train/mean_reward":51.76182199478149,"Loss/value_function":0.03257536408491433,"Episode/rew_hip_deviations":-0.013441472314298153,"Episode/rew_torques":-0.027215804904699326,"Episode/rew_shoulder_align":-0.00817344430834055,"Perf/learning_time":0.10715413093566895,"_runtime":463.722615473,"Episode/rew_torque_limits":-7.166575960582122e-05,"_timestamp":1.745084981083772e+09,"Loss/learning_rate":2.2500000000000005e-05,"Episode/rew_tracking_lin_vel":1.1708942651748657,"Perf/total_fps":181903,"Episode/rew_dof_pos_limits":-0.0020086360163986683,"Episode/rew_orientation":-0.005851059686392546,"Train/mean_episode_length":982.53,"Episode/rew_collision":-0.0004583333502523601,"Episode/rew_tracking_ang_vel":0.697895884513855,"Episode/rew_base_height":-0.013009867630898952,"Episode/rew_ang_vel_xy":-0.046083636581897736,"Episode/rew_lin_vel_z":-0.005978706758469343,"Episode/rew_termination":-0.008333333767950535,"_step":708,"Policy/mean_noise_std":0.2611820101737976,"Loss/surrogate":-0.00022458431776612998,"_wandb":{"runtime":463},"Episode/rew_shoulder_deviations":-0.04734640568494797,"Perf/collection time":0.43326354026794434,"Episode/rew_action_rate":-0.017665907740592957}